,Close
2020-03-02,111.17732238769531
2020-03-03,110.93305206298828
2020-03-04,116.81102752685547
2020-03-05,113.73956298828125
2020-03-06,116.2396011352539
2020-03-09,112.16018676757812
2020-03-10,111.9220962524414
2020-03-11,106.47754669189453
2020-03-12,97.07270050048828
2020-03-13,106.4934310913086
2020-03-16,106.91409301757812
2020-03-17,114.34273529052734
2020-03-18,106.62838745117188
2020-03-19,100.32669830322266
2020-03-20,93.87422180175781
2020-03-23,89.15987396240234
2020-03-24,93.15994262695312
2020-03-25,92.35039520263672
2020-03-26,98.42190551757812
2020-03-27,99.12032318115234
2020-03-30,105.10450744628906
2020-03-31,101.48544311523438
2020-04-01,99.73143768310547
2020-04-02,102.60452270507812
2020-04-03,103.11243438720703
2020-04-06,105.67594909667969
2020-04-07,104.27912902832031
2020-04-08,105.27118682861328
2020-04-09,104.35850524902344
2020-04-13,105.32675170898438
2020-04-14,111.18396759033203
2020-04-15,109.26329803466797
2020-04-16,110.89823150634766
2020-04-17,112.65225219726562
2020-04-20,110.89031219482422
2020-04-21,110.6919174194336
2020-04-22,113.33479309082031
2020-04-23,111.39826965332031
2020-04-24,112.43002319335938
2020-04-27,111.39826965332031
2020-04-28,111.90618896484375
2020-04-29,110.28712463378906
2020-04-30,109.90618133544922
2020-05-01,108.55695343017578
2020-05-04,107.72361755371094
2020-05-05,108.834716796875
2020-05-06,106.96170043945312
2020-05-07,108.49348449707031
2020-05-08,109.92999267578125
2020-05-11,109.97761535644531
2020-05-12,109.38237762451172
2020-05-13,108.73949432373047
2020-05-14,108.4061508178711
2020-05-15,110.03315734863281
2020-05-18,109.31092834472656
2020-05-19,107.3585205078125
2020-05-20,108.61254119873047
2020-05-21,109.09666442871094
2020-05-22,110.90619659423828
2020-05-26,107.93790435791016
2020-05-27,109.85855865478516
2020-05-28,111.74747467041016
2020-05-29,112.2553939819336
2020-06-01,112.12841796875
2020-06-02,112.73954010009766
2020-06-03,112.43002319335938
2020-06-04,110.1348876953125
2020-06-05,111.3824234008789
2020-06-08,111.09449005126953
2020-06-09,110.82261657714844
2020-06-10,110.76663970947266
2020-06-11,109.53508758544922
2020-06-12,108.71139526367188
2020-06-15,111.24646759033203
2020-06-16,112.47000122070312
2020-06-17,113.59758758544922
2020-06-18,113.88548278808594
2020-06-19,115.1250228881836
2020-06-22,113.60555267333984
2020-06-23,112.4060287475586
2020-06-24,110.28682708740234
2020-06-25,110.99056243896484
2020-06-26,109.47111511230469
2020-06-29,111.51835632324219
2020-06-30,113.03778076171875
2020-07-01,113.46961975097656
2020-07-02,114.51721954345703
2020-07-06,114.14137268066406
2020-07-07,113.97345733642578
2020-07-08,114.63721466064453
2020-07-09,113.73351287841797
2020-07-10,114.5492172241211
2020-07-13,113.6695556640625
2020-07-14,115.1250228881836
2020-07-15,114.58120727539062
2020-07-16,114.90107727050781
2020-07-17,115.45286560058594
2020-07-20,114.1093978881836
2020-07-21,114.9970703125
2020-07-22,115.39690399169922
2020-07-23,117.82001495361328
2020-07-24,117.8280258178711
2020-07-27,117.86000061035156
2020-07-28,120.57898712158203
2020-07-29,121.58657836914062
2020-07-30,121.52264404296875
2020-07-31,121.58657836914062
2020-08-03,121.23470306396484
2020-08-04,124.99333190917969
2020-08-05,124.62549591064453
2020-08-06,125.1292724609375
2020-08-07,125.76104736328125
2020-08-10,126.42481994628906
2020-08-11,124.58544158935547
2020-08-12,127.02458190917969
2020-08-13,126.7206802368164
2020-08-14,126.53675079345703
2020-08-17,126.20087432861328
2020-08-18,126.04895782470703
2020-08-19,125.8330307006836
2020-08-20,126.00895690917969
2020-08-21,125.79302215576172
2020-08-24,125.88897705078125
2020-08-25,124.79340362548828
2020-08-26,124.75340270996094
2020-08-27,124.91336822509766
2020-08-28,125.15323638916016
2020-08-31,126.16089630126953
2020-09-01,123.36189270019531
2020-09-02,125.16124725341797
2020-09-03,122.59266662597656
2020-09-04,122.57652282714844
2020-09-08,119.95156860351562
2020-09-09,121.948486328125
2020-09-10,119.29132843017578
2020-09-11,119.57315826416016
2020-09-14,119.57315826416016
2020-09-15,117.94661712646484
2020-09-16,118.96923065185547
2020-09-17,118.05934143066406
2020-09-18,117.53597259521484
2020-09-21,117.4554443359375
2020-09-22,118.3331298828125
2020-09-23,116.61000061035156
2020-09-24,117.94661712646484
2020-09-25,117.8982925415039
2020-09-28,118.81623077392578
2020-09-29,117.83391571044922
2020-09-30,118.89678192138672
2020-10-01,118.87260437011719
2020-10-02,118.7115707397461
2020-10-05,120.40249633789062
2020-10-06,120.78096008300781
2020-10-07,121.46537017822266
2020-10-08,121.0305404663086
2020-10-09,122.7859115600586
2020-10-12,123.5105972290039
2020-10-13,124.17890167236328
2020-10-14,122.90669250488281
2020-10-15,124.25945281982422
2020-10-16,123.4623031616211
2020-10-19,121.43316650390625
2020-10-20,119.58921813964844
2020-10-21,119.4765396118164
2020-10-22,111.19092559814453
2020-10-23,110.21663665771484
2020-10-26,109.25843048095703
2020-10-27,108.50960540771484
2020-10-28,107.08439636230469
2020-10-29,106.95555877685547
2020-10-30,106.76231384277344
2020-11-02,108.17947387695312
2020-11-03,108.98468017578125
2020-11-04,108.79948425292969
2020-11-05,108.15532684326172
2020-11-06,109.6529769897461
2020-11-09,106.81867218017578
2020-11-10,109.9509048461914
2020-11-11,110.94131469726562
2020-11-12,111.22317504882812
2020-11-13,113.00265502929688
2020-11-16,114.4117660522461
2020-11-17,115.81283569335938
2020-11-18,113.58238983154297
2020-11-19,114.12994384765625
2020-11-20,112.53561401367188
2020-11-23,112.10079956054688
2020-11-24,112.08473205566406
2020-11-25,113.29252624511719
2020-11-27,113.8320083618164
2020-11-30,112.17327880859375
2020-12-01,113.75953674316406
2020-12-02,111.39221954345703
2020-12-03,111.83856964111328
2020-12-04,111.4977035522461
2020-12-07,111.10819244384766
2020-12-08,110.82420349121094
2020-12-09,110.1668930053711
2020-12-10,108.7873764038086
2020-12-11,110.36168670654297
2020-12-14,110.36168670654297
2020-12-15,110.21560668945312
2020-12-16,110.36976623535156
2020-12-17,110.62135314941406
2020-12-18,109.6150894165039
2020-12-21,108.93346405029297
2020-12-22,107.659423828125
2020-12-23,108.33295440673828
2020-12-24,108.6494140625
2020-12-28,108.6981430053711
2020-12-29,108.84416961669922
2020-12-30,108.03270721435547
2020-12-31,109.41223907470703
2021-01-04,108.25179290771484
2021-01-05,108.36540222167969
2021-01-06,107.79737091064453
2021-01-07,106.79114532470703
2021-01-08,106.92097473144531
2021-01-11,106.66940307617188
2021-01-12,105.75244140625
2021-01-13,106.8479232788086
2021-01-14,106.76679992675781
2021-01-15,106.5395736694336
2021-01-19,106.83169555664062
2021-01-20,106.62071228027344
2021-01-21,106.3123550415039
2021-01-22,107.28614807128906
2021-01-25,110.7755126953125
2021-01-26,111.27865600585938
2021-01-27,112.51209259033203
2021-01-28,109.67998504638672
2021-01-29,107.1968765258789
2021-02-01,108.1219711303711
2021-02-02,107.39974975585938
2021-02-03,107.43221282958984
2021-02-04,106.70999908447266
2021-02-05,107.25367736816406
2021-02-08,107.26990509033203
2021-02-09,107.46465301513672
2021-02-10,107.76490783691406
2021-02-11,107.18875122070312
2021-02-12,107.2212142944336
2021-02-16,105.68753051757812
2021-02-17,106.11760711669922
2021-02-18,107.26990509033203
2021-02-19,106.00399017333984
2021-02-22,106.35293579101562
2021-02-23,107.10762786865234
2021-02-24,106.15005493164062
2021-02-25,105.94719696044922
2021-02-26,104.13758087158203
2021-03-01,104.18627166748047
2021-03-02,104.78678894042969
2021-03-03,105.9228515625
2021-03-04,105.34162139892578
2021-03-05,107.72383117675781
2021-03-08,109.00090026855469
2021-03-09,108.32962036132812
2021-03-10,110.05696868896484
2021-03-11,108.50973510742188
2021-03-12,109.26287078857422
2021-03-15,109.90142059326172
2021-03-16,110.04873657226562
2021-03-17,108.50973510742188
2021-03-18,108.38693237304688
2021-03-19,106.68417358398438
2021-03-22,108.90267181396484
2021-03-23,110.7446060180664
2021-03-24,111.0720443725586
2021-03-25,111.06387329101562
2021-03-26,112.25909423828125
2021-03-29,113.71622467041016
2021-03-30,113.22505950927734
2021-03-31,113.830810546875
2021-04-01,112.13626861572266
2021-04-05,113.3232650756836
2021-04-06,113.01219940185547
2021-04-07,112.10354614257812
2021-04-08,112.60291290283203
2021-04-09,111.89886474609375
2021-04-12,112.3409194946289
2021-04-13,112.32454681396484
2021-04-14,111.5550308227539
2021-04-15,113.7325668334961
2021-04-16,113.96998596191406
2021-04-19,113.7325668334961
2021-04-20,116.5650634765625
2021-04-21,115.81195831298828
2021-04-22,114.8786849975586
2021-04-23,108.1495361328125
2021-04-26,106.84790802001953
2021-04-27,105.97196960449219
2021-04-28,106.12751007080078
2021-04-29,108.57522583007812
2021-04-30,109.14008331298828
2021-05-03,110.30253601074219
2021-05-04,110.28614044189453
2021-05-05,110.98200225830078
2021-05-06,111.44042205810547
2021-05-07,110.92467498779297
2021-05-10,112.0707778930664
2021-05-11,109.86865997314453
2021-05-12,108.86175537109375
2021-05-13,109.49207305908203
2021-05-14,109.84407806396484
2021-05-17,109.39386749267578
2021-05-18,108.8289794921875
2021-05-19,108.53429412841797
2021-05-20,108.61614227294922
2021-05-21,108.34600067138672
2021-05-24,108.15771484375
2021-05-25,108.14134216308594
2021-05-26,107.2654037475586
2021-05-27,108.76349639892578
2021-05-28,106.93795013427734
2021-06-01,106.43040466308594
2021-06-02,107.02800750732422
2021-06-03,107.02799987792969
2021-06-04,107.82907104492188
2021-06-07,108.25023651123047
2021-06-08,107.12711334228516
2021-06-09,106.78025817871094
2021-06-10,107.06929779052734
2021-06-11,107.14363861083984
2021-06-14,106.9619369506836
2021-06-15,106.71418762207031
2021-06-16,106.4416732788086
2021-06-17,107.42440795898438
2021-06-18,106.27650451660156
2021-06-21,106.91239166259766
2021-06-22,107.46569061279297
2021-06-23,107.60609436035156
2021-06-24,108.24197387695312
2021-06-25,109.89368438720703
2021-06-28,108.9852294921875
2021-06-29,109.4559326171875
2021-06-30,110.47996520996094
2021-07-01,110.26528930664062
2021-07-02,110.95073699951172
2021-07-06,111.1902084350586
2021-07-07,112.08209991455078
2021-07-08,111.73524475097656
2021-07-09,111.5040283203125
2021-07-12,111.23976135253906
2021-07-13,110.94246673583984
2021-07-14,111.6856918334961
2021-07-15,112.42893981933594
2021-07-16,114.39444732666016
2021-07-19,114.82386779785156
2021-07-20,113.74201202392578
2021-07-21,111.85087585449219
2021-07-22,111.4461898803711
2021-07-23,112.03255462646484
2021-07-26,111.57007598876953
2021-07-27,112.51980590820312
2021-07-28,111.39667510986328
2021-07-29,112.46196746826172
2021-07-30,112.08209991455078
2021-08-02,111.21498107910156
2021-08-03,112.01603698730469
2021-08-04,110.4139175415039
2021-08-05,110.1744384765625
2021-08-06,110.04227447509766
2021-08-09,110.8681411743164
2021-08-10,110.57081604003906
2021-08-11,110.81856536865234
2021-08-12,110.89290618896484
2021-08-13,112.70973205566406
2021-08-16,114.43573760986328
2021-08-17,114.97250366210938
2021-08-18,112.82534790039062
2021-08-19,114.71648406982422
2021-08-20,114.15496826171875
2021-08-23,113.53557586669922
2021-08-24,112.14817810058594
2021-08-25,112.08209991455078
2021-08-26,112.58586120605469
2021-08-27,112.60237884521484
2021-08-30,112.9244613647461
2021-08-31,113.80812072753906
2021-09-01,115.3524169921875
2021-09-02,115.9883041381836
2021-09-03,116.23604583740234
2021-09-07,115.50106811523438
2021-09-08,116.84716796875
2021-09-09,114.72415924072266
2021-09-10,114.09977722167969
2021-09-13,115.0405502319336
2021-09-14,114.99060821533203
2021-09-15,114.07478332519531
2021-09-16,113.17565155029297
2021-09-17,112.54293060302734
2021-09-20,111.98511505126953
2021-09-21,111.976806640625
2021-09-22,111.09431457519531
2021-09-23,111.21086120605469
2021-09-24,110.71966552734375
2021-09-27,110.25342559814453
2021-09-28,111.14424896240234
2021-09-29,113.04244995117188
2021-09-30,110.26175689697266
2021-10-01,110.04530334472656
2021-10-04,110.02033233642578
2021-10-05,109.83714294433594
2021-10-06,110.76962280273438
2021-10-07,111.3107681274414
2021-10-08,110.6197509765625
2021-10-11,110.35335540771484
2021-10-12,110.3783187866211
2021-10-13,110.35335540771484
2021-10-14,110.97774505615234
2021-10-15,111.00272369384766
2021-10-18,109.50413513183594
2021-10-19,108.03888702392578
2021-10-20,109.58743286132812
2021-10-21,109.29601287841797
2021-10-22,110.76129150390625
2021-10-25,108.32193756103516
2021-10-26,110.95278930664062
2021-10-27,107.61427307128906
2021-10-28,108.28031921386719
2021-10-29,107.8057861328125
2021-11-01,108.46346282958984
2021-11-02,109.5374526977539
2021-11-03,109.98702239990234
2021-11-04,109.27104187011719
2021-11-05,110.0869140625
2021-11-08,110.3449935913086
2021-11-09,110.27841186523438
2021-11-10,112.15162658691406
2021-11-11,111.57718658447266
2021-11-12,111.48558044433594
2021-11-15,112.20991516113281
2021-11-16,111.42730712890625
2021-11-17,111.90187072753906
2021-11-18,110.76962280273438
2021-11-19,111.9268569946289
2021-11-22,112.75939178466797
2021-11-23,113.05078125
2021-11-24,112.58454132080078
2021-11-26,112.61785888671875
2021-11-29,112.42635345458984
2021-11-30,108.48844146728516
2021-12-01,109.69563293457031
2021-12-02,110.55316162109375
2021-12-03,112.71776580810547
2021-12-06,113.57527160644531
2021-12-07,113.958251953125
2021-12-08,113.96656036376953
2021-12-09,113.84906768798828
2021-12-10,114.23521423339844
2021-12-13,116.93013763427734
2021-12-14,115.9310531616211
2021-12-15,116.10738372802734
2021-12-16,119.06255340576172
2021-12-17,117.00566101074219
2021-12-20,118.62596893310547
2021-12-21,116.93850708007812
2021-12-22,116.8797378540039
2021-12-23,116.60272216796875
2021-12-27,117.3666763305664
2021-12-28,117.3582763671875
2021-12-29,118.43287658691406
2021-12-30,118.8106689453125
2021-12-31,119.98600006103516
2022-01-03,119.57463073730469
2022-01-04,120.22107696533203
2022-01-05,120.94308471679688
2022-01-06,120.15392303466797
2022-01-07,120.67445373535156
2022-01-10,121.3880386352539
2022-01-11,120.17071533203125
2022-01-12,120.12873077392578
2022-01-13,119.9608383178711
2022-01-14,120.22107696533203
2022-01-18,118.27336120605469
2022-01-19,119.78451538085938
2022-01-20,118.85265350341797
2022-01-21,120.32186126708984
2022-01-24,119.04576110839844
2022-01-25,117.22395324707031
2022-01-26,113.20258331298828
2022-01-27,115.41896057128906
2022-01-28,116.62788391113281
2022-01-31,115.56168365478516
2022-02-01,115.2342529296875
2022-02-02,113.857421875
2022-02-03,114.57942199707031
2022-02-04,111.3724136352539
2022-02-07,111.88455200195312
2022-02-08,111.85094451904297
2022-02-09,110.72598266601562
2022-02-10,109.93681335449219
2022-02-11,111.09536743164062
2022-02-14,111.1289291381836
2022-02-15,110.39856719970703
2022-02-16,109.9955825805664
2022-02-17,110.50772094726562
2022-02-18,111.78377532958984
2022-02-22,111.53192901611328
2022-02-23,110.76795196533203
2022-02-24,107.93873596191406
2022-02-25,110.6587905883789
2022-02-28,109.26520538330078
2022-03-01,108.02266693115234
2022-03-02,108.9881362915039
2022-03-03,109.74208068847656
2022-03-04,109.38629913330078
2022-03-07,108.37822723388672
2022-03-08,104.3544921875
2022-03-09,104.66793060302734
2022-03-10,101.47433471679688
2022-03-11,99.55990600585938
2022-03-14,100.90679931640625
2022-03-15,102.54170989990234
2022-03-16,102.8551254272461
2022-03-17,102.787353515625
2022-03-18,102.37228393554688
2022-03-21,102.27063751220703
2022-03-22,103.67681884765625
2022-03-23,102.1689682006836
2022-03-24,101.72846984863281
2022-03-25,101.88941955566406
2022-03-28,103.710693359375
2022-03-29,105.09147644042969
2022-03-30,104.91358184814453
2022-03-31,104.3290786743164
2022-04-01,105.91316986083984
2022-04-04,105.90469360351562
2022-04-05,105.99787139892578
2022-04-06,106.7094497680664
2022-04-07,107.31934356689453
2022-04-08,106.80261993408203
2022-04-11,107.1838150024414
2022-04-12,106.68404388427734
2022-04-13,107.06522369384766
2022-04-14,107.09062957763672
2022-04-18,105.85386657714844
2022-04-19,107.47183990478516
2022-04-20,108.09021759033203
2022-04-21,108.51377868652344
2022-04-22,117.33209228515625
2022-04-25,121.54217529296875
2022-04-26,117.89965057373047
2022-04-27,119.00086975097656
2022-04-28,120.28002166748047
2022-04-29,117.60316467285156
2022-05-02,115.22283935546875
2022-05-03,116.3071060180664
2022-05-04,117.86576080322266
2022-05-05,115.7818832397461
2022-05-06,116.56123352050781
2022-05-09,118.88227844238281
2022-05-10,117.70481872558594
2022-05-11,117.67092895507812
2022-05-12,118.26388549804688
2022-05-13,117.88272857666016
2022-05-16,117.68785095214844
2022-05-17,117.45916748046875
2022-05-18,112.24946594238281
2022-05-19,109.3185043334961
2022-05-20,108.71705627441406
2022-05-23,109.62346649169922
2022-05-24,111.94453430175781
2022-05-25,111.28378295898438
2022-05-26,112.164794921875
2022-05-27,113.02881622314453
2022-05-31,112.68151092529297
2022-06-01,111.30919647216797
2022-06-02,111.63956451416016
2022-06-03,111.34310913085938
2022-06-06,111.71581268310547
2022-06-07,111.90219116210938
2022-06-08,110.80941009521484
2022-06-09,108.93766021728516
2022-06-10,109.19407653808594
2022-06-13,108.46758270263672
2022-06-14,105.3907241821289
2022-06-15,104.62151336669922
2022-06-16,103.97196197509766
2022-06-17,104.09161376953125
2022-06-21,106.90352630615234
2022-06-22,109.03166961669922
2022-06-23,112.88629150390625
2022-06-24,114.92044067382812
2022-06-27,114.17686462402344
2022-06-28,113.27942657470703
2022-06-29,114.74095916748047
2022-06-30,115.51014709472656
2022-07-01,116.88619995117188
2022-07-05,116.3135757446289
2022-07-06,117.07422637939453
2022-07-07,115.98023986816406
2022-07-08,114.69821166992188
2022-07-11,115.14262390136719
2022-07-12,115.62128448486328
2022-07-13,116.27937316894531
2022-07-14,115.49305725097656
2022-07-15,115.10845184326172
2022-07-18,112.87773895263672
2022-07-19,113.02304077148438
2022-07-20,112.26236724853516
2022-07-21,111.57862854003906
2022-07-22,113.1597900390625
2022-07-25,114.03155517578125
2022-07-26,114.50164794921875
2022-07-27,112.86064147949219
2022-07-28,113.89482879638672
2022-07-29,112.63842010498047
2022-08-01,115.69817352294922
2022-08-02,113.67259216308594
2022-08-03,115.16827392578125
2022-08-04,113.46746063232422
2022-08-05,113.99739837646484
2022-08-08,114.77511596679688
2022-08-09,114.88624572753906
2022-08-10,115.94605255126953
2022-08-11,115.06575012207031
2022-08-12,115.7922134399414
2022-08-15,116.6212387084961
2022-08-16,117.42462158203125
2022-08-17,116.946044921875
2022-08-18,117.17679595947266
2022-08-19,117.04856872558594
2022-08-22,116.41610717773438
2022-08-23,114.732421875
2022-08-24,114.26232147216797
2022-08-25,113.57858276367188
2022-08-26,110.69829559326172
2022-08-29,110.74959564208984
2022-08-30,110.10858917236328
2022-08-31,108.98893737792969
2022-09-01,109.8436279296875
2022-09-02,108.10008239746094
2022-09-06,107.44196319580078
2022-09-07,108.92056274414062
2022-09-08,108.24778747558594
2022-09-09,109.40357971191406
2022-09-12,109.46395874023438
2022-09-13,106.74697875976562
2022-09-14,105.0650405883789
2022-09-15,104.72865295410156
2022-09-16,105.24617004394531
2022-09-19,105.93620300292969
2022-09-20,104.84942626953125
2022-09-21,104.13351440429688
2022-09-22,104.11625671386719
2022-09-23,103.7540054321289
2022-09-26,102.4515609741211
2022-09-27,101.08014678955078
2022-09-28,101.07151794433594
2022-09-29,99.17396545410156
2022-09-30,97.06938934326172
2022-10-03,98.39767456054688
2022-10-04,100.25212860107422
2022-10-05,98.82893371582031
2022-10-06,96.76748657226562
2022-10-07,94.52490997314453
2022-10-10,95.01655578613281
2022-10-11,96.06021881103516
2022-10-12,97.34539031982422
2022-10-13,98.82893371582031
2022-10-14,97.64726257324219
2022-10-17,98.48394012451172
2022-10-18,99.605224609375
2022-10-19,99.13945770263672
2022-10-20,96.87960815429688
2022-10-21,98.2941665649414
2022-10-24,99.9329833984375
2022-10-25,103.06397247314453
2022-10-26,103.68500518798828
2022-10-27,104.6251449584961
2022-10-28,107.19551086425781
2022-10-31,107.35076141357422
2022-11-01,107.2558822631836
2022-11-02,105.46180725097656
2022-11-03,105.24617004394531
2022-11-04,105.67745971679688
2022-11-07,107.23001098632812
2022-11-08,107.45426177978516
2022-11-09,106.80736541748047
2022-11-10,110.21437072753906
2022-11-11,109.92972564697266
2022-11-14,110.02460479736328
2022-11-15,110.5248794555664
2022-11-16,111.27527618408203
2022-11-17,111.15452575683594
2022-11-18,113.33673095703125
2022-11-21,115.13941192626953
2022-11-22,116.42461395263672
2022-11-23,115.5793228149414
2022-11-25,116.46772766113281
2022-11-28,114.98417663574219
2022-11-29,114.85477447509766
2022-11-30,116.98524475097656
2022-12-01,117.8218994140625
2022-12-02,118.96904754638672
2022-12-05,118.31350708007812
2022-12-06,117.3130111694336
2022-12-07,117.90816497802734
2022-12-08,118.96945190429688
2022-12-09,118.4822998046875
2022-12-12,120.01335906982422
2022-12-13,120.66580200195312
2022-12-14,121.00505828857422
2022-12-15,118.67367553710938
2022-12-16,117.71678924560547
2022-12-19,118.01254272460938
2022-12-20,117.76898956298828
2022-12-21,119.1434326171875
2022-12-22,119.56099700927734
2022-12-23,119.30870819091797
2022-12-27,120.3786849975586
2022-12-28,118.76066589355469
2022-12-29,119.38700866699219
2022-12-30,118.0908203125
2023-01-03,119.27391052246094
2023-01-04,119.012939453125
2023-01-05,117.90813446044922
2023-01-06,120.43959045410156
2023-01-09,119.19561767578125
2023-01-10,118.18653869628906
2023-01-11,118.57798767089844
2023-01-12,118.51707458496094
2023-01-13,119.03036499023438
2023-01-17,119.05642700195312
2023-01-18,115.55937957763672
2023-01-19,114.96784973144531
2023-01-20,117.5514907836914
2023-01-23,116.76854705810547
2023-01-24,117.11654663085938
2023-01-25,114.880859375
2023-01-26,113.32371520996094
2023-01-27,112.14933013916016
2023-01-30,112.21023559570312
2023-01-31,113.0975112915039
2023-02-01,113.0975112915039
2023-02-02,113.24539947509766
2023-02-03,114.1849136352539
2023-02-06,113.42808532714844
2023-02-07,113.32371520996094
2023-02-08,113.08882141113281
2023-02-09,111.56648254394531
2023-02-10,112.15801239013672
2023-02-13,113.17582702636719
2023-02-14,111.85354614257812
2023-02-15,111.14891815185547
2023-02-16,110.01802825927734
2023-02-17,110.67916107177734
2023-02-21,112.41898345947266
2023-02-22,111.81005859375
2023-02-23,110.67045593261719
2023-02-24,109.78314971923828
2023-02-27,109.8266372680664
2023-02-28,108.78275299072266
2023-03-01,108.49568176269531
2023-03-02,110.1920166015625
2023-03-03,110.0354232788086
2023-03-06,109.7657699584961
2023-03-07,107.52137756347656
2023-03-08,107.69535827636719
2023-03-09,107.68656921386719
2023-03-10,107.44944763183594
2023-03-13,108.099365234375
2023-03-14,108.60000610351562
2023-03-15,110.5058822631836
2023-03-16,111.46320343017578
2023-03-17,110.11064910888672
2023-03-20,112.84210968017578
2023-03-21,112.43810272216797
2023-03-22,111.90235137939453
2023-03-23,111.86722564697266
2023-03-24,114.5986557006836
2023-03-27,114.45816040039062
2023-03-28,115.55602264404297
2023-03-29,116.35526275634766
2023-03-30,116.82074737548828
2023-03-31,117.88347625732422
2023-04-03,118.5772933959961
2023-04-04,118.0942611694336
2023-04-05,119.148193359375
2023-04-06,119.8771743774414
2023-04-10,119.06916809082031
2023-04-11,119.43804931640625
2023-04-12,120.08795166015625
2023-04-13,120.7291030883789
2023-04-14,120.61495971679688
2023-04-17,121.75670623779297
2023-04-18,121.84452056884766
2023-04-19,121.5547103881836
2023-04-20,122.20464324951172
2023-04-21,124.33887481689453
2023-04-24,125.09419250488281
2023-04-25,127.06156158447266
2023-04-26,126.13054656982422
2023-04-27,128.56341552734375
2023-04-28,127.2547836303711
2023-05-01,128.09793090820312
2023-05-02,128.12429809570312
2023-05-03,127.86080932617188
2023-05-04,126.83321380615234
2023-05-05,127.50946807861328
2023-05-08,127.1230239868164
2023-05-09,126.40281677246094
2023-05-10,125.95492553710938
2023-05-11,126.1920394897461
2023-05-12,127.04397583007812
2023-05-15,126.34136199951172
2023-05-16,127.05277252197266
2023-05-17,127.21963500976562
2023-05-18,126.2974624633789
2023-05-19,127.37772369384766
2023-05-22,123.57476043701172
2023-05-23,121.70401763916016
2023-05-24,120.89598846435547
2023-05-25,120.3602294921875
2023-05-26,119.7103042602539
2023-05-30,117.31260681152344
2023-05-31,117.9361801147461
2023-06-01,117.62876892089844
2023-06-02,119.52587127685547
2023-06-05,119.9913558959961
2023-06-06,119.11307525634766
2023-06-07,118.56854248046875
2023-06-08,119.36595153808594
2023-06-09,119.17103576660156
2023-06-12,119.31279754638672
2023-06-13,119.1355972290039
2023-06-14,119.72037506103516
2023-06-15,120.78361511230469
2023-06-16,121.98858642578125
2023-06-20,120.84563446044922
2023-06-21,122.4050521850586
2023-06-22,121.82025909423828
2023-06-23,121.3595199584961
2023-06-26,120.84563446044922
2023-06-27,122.5113754272461
2023-06-28,121.35067749023438
2023-06-29,121.52788543701172
2023-06-30,122.32530212402344
2023-07-03,121.8114013671875
2023-07-05,121.95318603515625
2023-07-06,122.15694427490234
2023-07-07,119.93301391601562
2023-07-10,119.7735366821289
2023-07-11,119.80011749267578
2023-07-12,119.31279754638672
2023-07-13,119.41912841796875
2023-07-14,119.72923278808594
2023-07-17,119.20648193359375
2023-07-18,118.63941192626953
2023-07-19,119.92415618896484
2023-07-20,119.49885559082031
2023-07-21,121.51901245117188
2023-07-24,121.53671264648438
2023-07-25,117.77111053466797
2023-07-26,116.85850524902344
2023-07-27,115.46743774414062
2023-07-28,115.5560302734375
2023-07-31,114.38646697998047
2023-08-01,114.29786682128906
2023-08-02,114.71430206298828
2023-08-03,113.99661254882812
2023-08-04,113.20803833007812
2023-08-07,113.92574310302734
2023-08-08,113.0042724609375
2023-08-09,113.24349212646484
2023-08-10,113.21691131591797
2023-08-11,113.37639617919922
2023-08-14,112.90680694580078
2023-08-15,112.08279418945312
2023-08-16,111.94987487792969
2023-08-17,112.38404846191406
2023-08-18,113.6244888305664
2023-08-21,112.26000213623047
2023-08-22,113.3675308227539
2023-08-23,114.04092407226562
2023-08-24,113.89028930664062
2023-08-25,114.48394012451172
2023-08-28,114.7320327758789
2023-08-29,114.74972534179688
2023-08-30,114.7054443359375
2023-08-31,114.14724731445312
2023-09-01,112.93338012695312
2023-09-05,112.54352569580078
2023-09-06,112.16252899169922
2023-09-07,113.70084381103516
2023-09-08,114.01388549804688
2023-09-11,114.52367401123047
2023-09-12,111.643798828125
2023-09-13,111.78691101074219
2023-09-14,112.5828857421875
2023-09-15,111.8047866821289
2023-09-18,111.9031753540039
2023-09-19,111.2323989868164
2023-09-20,111.73323822021484
2023-09-21,112.03732299804688
2023-09-22,110.87464904785156
2023-09-25,110.43640899658203
2023-09-26,110.48112487792969
2023-09-27,108.80867767333984
2023-09-28,108.75498962402344
2023-09-29,108.084228515625
2023-10-02,106.43859100341797
2023-10-03,107.81591796875
2023-10-04,108.23625946044922
2023-10-05,105.97351837158203
2023-10-06,106.25971984863281
2023-10-09,106.04505920410156
2023-10-10,107.06464385986328
2023-10-11,106.74266815185547
2023-10-12,107.10043334960938
2023-10-13,107.69071197509766
2023-10-16,108.84444427490234
2023-10-17,108.90703582763672
2023-10-18,110.39169311523438
2023-10-19,109.88191223144531
2023-10-20,110.08760833740234
2023-10-23,108.94282531738281
2023-10-24,107.77119445800781
2023-10-25,106.23287200927734
2023-10-26,107.47606658935547
2023-10-27,104.51569366455078
2023-10-30,106.89471435546875
2023-10-31,107.00203704833984
2023-11-01,106.85000610351562
2023-11-02,108.26311492919922
2023-11-03,106.77845001220703
2023-11-06,108.03057098388672
2023-11-07,107.69071197509766
2023-11-08,107.914306640625
2023-11-09,107.43134307861328
2023-11-10,108.07528686523438
2023-11-13,108.41515350341797
2023-11-14,108.34358215332031
2023-11-15,108.71029663085938
2023-11-16,108.85338592529297
2023-11-17,108.39725494384766
2023-11-20,107.80697631835938
2023-11-21,108.71029663085938
2023-11-22,109.3989486694336
2023-11-24,109.49732971191406
2023-11-27,109.47048950195312
2023-11-28,109.10380554199219
2023-11-29,108.90703582763672
2023-11-30,110.66000366210938
2023-12-01,110.937255859375
2023-12-04,111.05352783203125
2023-12-05,108.62084197998047
2023-12-06,109.51520538330078
2023-12-07,109.71388244628906
2023-12-08,108.31413269042969
2023-12-11,109.2442855834961
2023-12-12,109.96675109863281
2023-12-13,111.6374282836914
2023-12-14,109.12688446044922
2023-12-15,107.86260223388672
2023-12-18,108.901123046875
2023-12-19,109.06366729736328
2023-12-20,107.28463745117188
2023-12-21,107.85356903076172
2023-12-22,108.5579605102539
2023-12-26,108.44959259033203
2023-12-27,108.64826202392578
2023-12-28,109.10881805419922
2023-12-29,109.7319564819336
